	SRS011271.fa-Mut	SRS011405.fa-Mut	SRS011586.fa-Mut	SRS012969.fa-Mut	SRS017247.fa-Mut	SRS017821.fa-Mut	SRS018133.fa-Mut	SRS022713.fa-Mut	SRS042628.fa-Mut	SRS1041129.fa-Mut	SRS147088.fa-Mut	SRS013158.fa-Mut	SRS014459.fa-Mut	SRS017521.fa-Mut	SRS018575.fa-Mut	SRS018606.fa-Mut	SRS045713.fa-Mut	SRS047741.fa-Mut	SRS023176.fa-Mut	SRS024435.fa-Mut	SRS054590.fa-Mut	SRS064645.fa-Mut	SRS011271.fa-WT	SRS011405.fa-WT	SRS011586.fa-WT	SRS012969.fa-WT	SRS017247.fa-WT	SRS017821.fa-WT	SRS018133.fa-WT	SRS022713.fa-WT	SRS042628.fa-WT	SRS1041129.fa-WT	SRS147088.fa-WT	SRS013158.fa-WT	SRS014459.fa-WT	SRS017521.fa-WT	SRS018575.fa-WT	SRS018606.fa-WT	SRS045713.fa-WT	SRS047741.fa-WT	SRS023176.fa-WT	SRS024435.fa-WT	SRS054590.fa-WT	SRS064645.fa-WT
K94E	3	114	0	4	0	12	584	1	154	0	10	0	117	446	0	0	0	0	28	77	1268	0	107	427	0	44	0	0	0	1	0	0	0	0	94	7	0	0	0	0	0	0	0	0
S7G	0	0	0	0	0	0	0	0	0	0	0	0	0	3	1	0	0	0	0	0	0	0	0	0	0	0	0	0	0	0	0	0	0	0	1	4	0	1	0	0	0	0	0	0
M337I+D344N+K349E	88	183	64	26	33	62	118	63	42	0	2	500	65	33	16	10	79	42	26	23	168	1	478	722	416	313	416	660	37	550	107	42	17	65	956	783	106	103	437	226	288	215	297	13
A366T	3	16	6	0	1	0	0	8	3	0	3	0	34	7	0	0	12	0	1	16	14	1	4	2	2	1	1	8	0	7	136	0	0	0	6	131	5	2	6	0	0	21	10	2
Q52L+M61I	10	1	4	16	0	3	0	0	0	4	1	0	2	11	1	0	1	0	2	4	0	4	3	0	1	1	2	0	1	0	15	1	0	0	0	6	0	0	0	0	1	0	0	0
T675K	0	0	0	0	0	0	0	2	0	0	0	1	0	2	0	0	0	0	1	0	0	0	0	0	0	0	0	1	0	0	0	0	0	1	0	22	0	0	0	0	0	0	1	0
V34M	0	0	0	0	0	0	0	0	1	0	0	1	0	1	0	0	0	0	0	0	0	0	0	0	0	0	0	0	0	2	0	0	0	0	1	29	0	0	0	0	0	0	0	0
E260A+A268S	77	139	42	37	53	54	314	208	129	9	15	1535	117	790	40	53	54	43	45	28	363	1	820	2782	440	494	528	777	76	506	141	76	8	131	1249	281	110	120	531	345	346	290	549	14
V45I	0	0	0	0	0	0	0	0	0	0	0	2	0	0	1	0	0	0	0	0	0	0	0	0	0	0	0	0	0	1	0	0	0	1	1	61	0	0	0	0	0	0	0	0
W206C+R211D+T213A+G215S+L217W	6	22	2	1	0	2	1	0	0	0	0	0	3	3	24	19	0	0	0	0	0	0	428	204	510	336	150	136	112	42	609	157	4	40	73	512	190	184	50	34	20	69	175	64
W206C+G215S+L217W	57	38	47	28	25	12	7	2	1	9	0	0	8	29	33	28	4	2	2	1	25	3	413	196	505	329	148	130	110	41	609	157	4	39	72	463	175	182	48	34	20	69	171	63
Q616K+H633Y	0	0	3	0	0	0	0	0	0	2	0	0	0	0	0	0	0	0	0	0	0	0	243	112	260	276	327	392	2	258	1243	182	9	13	1032	1535	78	92	147	103	134	142	25	4
V65M+V84I	0	0	0	0	0	0	0	1	0	0	0	3	0	0	1	0	0	0	0	0	0	0	0	1	0	0	0	0	0	2	0	0	0	1	1	71	0	0	0	0	0	0	0	0
L249V	19	0	0	7	0	0	0	0	847	0	0	0	0	0	0	0	31	2	0	0	2	0	1131	3297	651	708	490	847	446	636	333	100	36	595	1057	1156	149	160	521	317	389	445	2003	17
R118H	1	41	71	0	14	1	0	107	359	10	4	0	5	31	4	0	25	16	0	78	1	3	26	37	50	8	0	36	0	15	149	12	6	3	41	148	4	10	9	13	3	142	40	4
V619I	0	36	1	0	0	0	0	0	0	0	6	0	0	1	0	0	0	1	33	0	1	0	206	71	1	126	312	384	0	233	0	0	1	0	995	1475	104	84	119	76	108	87	2	0
N56H	0	2	0	0	0	1	1	0	0	0	0	0	0	0	0	0	0	0	0	0	3	0	94	652	0	71	0	9	223	28	900	0	13	0	91	18	0	0	22	12	0	3	1090	0
D370N	0	5	0	0	0	0	1	1	0	0	0	0	0	0	0	0	2	0	0	0	1	0	46	0	0	27	97	180	3	198	1	0	1	31	142	63	8	22	84	33	90	6	1	0
S372P	144	238	112	132	162	83	520	211	91	23	20	2032	991	1485	44	58	230	186	58	96	510	0	19	0	0	16	71	126	0	101	1	0	0	5	88	7	6	11	25	36	54	1	0	0
D1142E+S1156A+S1159A	0	0	1	1	0	0	3	0	0	0	0	1	0	1	1	1	0	2	0	0	0	0	0	0	0	3	0	0	0	0	0	0	0	0	0	1	0	0	0	0	0	0	0	0
F240L	0	0	0	0	0	0	0	1	0	0	0	1	0	37	1	0	0	0	0	0	0	0	2	25	25	0	7	0	0	64	133	2	4	0	1	33	1	2	9	2	0	30	0	0
N393K	18	0	44	20	2	11	0	8	144	12	0	2	35	41	0	1	1	0	25	5	1	7	76	50	62	56	3	24	0	13	529	25	5	7	60	465	11	12	16	6	7	116	59	3
I159V	0	0	0	0	0	0	0	1	0	0	0	0	0	1	0	0	0	0	0	0	1	0	0	0	0	0	0	1	0	1	0	0	0	0	0	30	0	0	0	0	0	0	0	0
A106T	0	0	0	0	0	0	0	2	0	0	0	1	0	0	0	0	0	0	0	0	0	0	1	1	0	0	1	0	0	0	0	0	0	0	0	16	0	1	0	0	0	0	0	0
K337T	9	1	3	2	0	1	0	1	15	1	0	0	11	4	0	0	0	0	3	0	0	1	56	46	109	21	149	222	13	209	40	16	5	30	709	69	15	16	194	82	80	47	8	2
W206C+T213A	1	0	0	0	0	0	0	2	0	0	0	0	0	0	0	0	0	0	0	0	0	0	60	39	182	56	6	19	5	7	591	58	4	7	51	146	15	5	14	11	2	27	14	3
L639K+P643D+T656V	0	0	0	0	0	0	1	0	0	0	0	1	0	0	0	0	0	0	0	0	0	0	0	0	0	7	0	0	0	0	0	0	0	2	0	25	0	0	0	0	1	0	0	0
L119I+A134K+I138M+I148V	0	0	0	0	0	0	0	0	0	0	3	0	0	0	0	0	0	3	0	0	0	0	0	0	1098	1	782	2	1	96	62	123	6	5	352	797	6	9	255	131	61	1	1	0
R35K	0	0	0	0	0	0	2	0	0	0	0	4	0	8	0	0	0	0	1	0	0	0	9	1	1	12	2	4	2	0	33	2	0	2	0	5	0	0	1	1	4	2	0	0
V631L+H633R+F635Y+K637A+V638S	2	0	3	0	0	0	1	0	29	0	0	0	2	4	0	0	2	0	0	1	0	0	218	105	125	187	329	381	1	258	616	43	12	12	1009	1479	86	97	139	80	132	113	21	11
V127I+D146N+E152D+A165P	0	0	0	0	0	0	1	0	0	0	0	1	0	0	0	0	0	0	0	0	0	0	0	0	0	0	2	0	0	2	0	0	0	2	0	83	0	1	0	0	0	0	0	0
K349E	0	1	0	0	0	46	0	0	0	0	0	0	0	0	0	0	162	57	0	0	0	0	151	126	86	73	144	216	1	155	12	8	8	7	126	616	46	36	89	47	71	53	37	0
Q616E+V638S	1	0	0	1	2	5	0	0	11	0	0	0	1	15	0	0	0	1	0	7	1	0	28	10	158	113	0	15	1	10	778	147	3	7	57	172	4	16	12	28	4	38	12	2
I8N	809	1420	611	518	349	521	276	403	321	177	22	692	640	700	151	144	638	392	227	334	957	16	1121	1144	824	692	411	374	379	232	134	179	9	533	417	1030	509	489	126	77	81	131	609	167
V65M+L77V+V84I	0	0	0	0	0	0	0	1	0	0	0	2	0	3	0	0	0	0	0	0	0	0	0	1	0	0	0	0	0	2	0	0	0	1	1	82	0	0	0	0	0	0	0	0
Y558C+A566E	71	87	58	56	33	21	2	12	3	24	10	16	6	577	29	23	47	42	32	35	7	1	371	181	14	256	392	506	560	591	154	2	36	30	1303	21	27	29	262	199	147	102	536	0
M387I	0	5	11	1	0	0	0	6	6	3	6	0	20	2	3	15	4	0	0	0	14	4	2	8	3	3	1	7	0	5	54	1	1	1	6	21	7	3	5	3	2	15	1	1
Q206R+N223K	23	10	14	42	4	34	4	12	576	12	1	25	12	277	5	21	25	36	3	12	4	8	105	58	426	137	9	28	8	18	1717	191	6	11	132	248	8	8	24	36	4	60	16	5
C430Y	2	0	2	0	2	0	0	3	2	2	7	0	27	5	7	19	0	0	0	0	8	3	0	5	1	0	0	0	0	5	34	1	1	1	2	9	3	1	0	1	1	6	0	0
A235T	0	0	1	0	0	0	0	0	0	0	0	1	0	0	2	0	0	0	0	0	0	0	0	1	2	0	0	6	0	1	29	0	0	5	0	29	4	2	0	2	0	0	0	1
Q616K+K637A+V638S	1	1	0	0	0	1	0	0	0	0	0	0	0	7	0	0	0	0	0	0	0	0	28	10	158	115	0	16	1	11	779	147	3	7	57	213	4	16	12	28	4	38	12	2
L211S+E232G	0	0	0	0	0	0	0	2	0	0	0	2	0	1	0	0	0	0	0	0	0	0	5	3	3	3	2	2	1	0	0	0	0	0	1	56	7	1	0	0	0	0	1	0
M257T	0	0	3	1	1	0	2	0	0	0	0	0	0	0	0	0	0	0	0	1	0	0	493	216	392	494	204	148	131	42	19	106	0	31	26	448	276	309	48	32	18	69	251	108
L211S	0	0	0	0	0	0	0	2	0	0	0	1	0	0	0	0	0	0	0	0	0	0	5	3	3	3	1	2	1	0	0	0	0	0	1	23	7	1	0	0	0	0	1	0
I240L	0	0	0	0	0	0	0	1	0	0	0	1	0	0	1	0	0	0	0	0	0	0	2	25	25	0	7	0	0	64	133	2	4	0	1	33	1	2	9	2	0	30	0	0
W206C+G215S	0	0	0	0	0	1	0	0	0	0	0	0	0	1	0	0	0	0	0	0	0	0	56	38	187	53	6	19	7	8	591	58	4	10	51	139	12	6	12	11	2	28	12	2
A560V	0	0	0	0	0	0	0	0	0	0	0	1	0	0	0	2	0	0	0	0	0	0	0	0	0	0	0	0	0	0	0	0	0	0	0	32	0	0	0	0	0	0	0	0
A626S+L639K+P643D	0	0	0	0	0	0	0	0	0	0	0	1	0	0	0	1	0	0	0	0	0	0	0	0	0	12	0	0	0	0	0	0	0	2	0	21	0	0	0	1	1	0	0	0
Q656K	0	0	0	0	0	0	0	0	0	0	0	1	0	18	0	0	0	0	0	0	0	0	0	0	0	2	0	0	0	0	0	0	0	0	0	6	0	0	0	0	0	0	0	0
R51C	204	191	121	158	124	13	541	236	196	35	23	20	231	1352	73	60	56	51	56	113	549	1	1767	3110	1144	1523	726	1269	212	795	346	302	47	1257	1433	709	268	266	1127	827	648	806	1746	50
A942S+A952L+Y959L+Q962S	0	0	0	0	0	0	4	0	0	0	0	1	0	0	0	0	0	1	0	0	0	0	4	0	0	8	2	0	0	1	0	0	0	3	1	60	0	1	0	3	1	0	1	0
V516I+E534D	0	0	0	0	0	0	1	0	0	0	0	1	0	0	0	0	0	0	1	1	0	0	2	0	0	5	2	0	0	1	0	0	0	0	0	65	0	0	1	0	0	0	0	0
D1142E+S1159A	0	0	0	0	0	0	0	0	0	0	0	0	0	1	1	0	0	0	0	0	0	0	0	0	0	2	0	0	0	0	0	0	0	0	0	1	0	0	0	0	0	0	0	0
N43D+L48S	1	1	0	2	0	2	0	0	0	0	2	0	0	0	0	0	0	4	0	0	3	0	0	0	0	0	0	0	0	2	0	0	0	0	0	37	0	0	0	0	0	0	0	0
M337I+D344N	1	0	1	0	0	0	0	3	0	0	0	0	0	0	0	0	0	0	1	1	0	0	327	596	330	240	272	444	36	395	95	34	9	58	830	167	60	67	348	179	217	162	260	13
K2N+I4W+T20E	0	0	0	0	0	1	0	1	2	0	0	0	0	0	0	0	0	0	0	0	1	0	178	145	454	232	8	217	25	34	2890	175	14	75	207	910	37	33	60	74	16	161	33	14
Q548R+F577I	12	2	11	11	1	27	5	2	175	1	0	35	2	99	4	4	5	5	0	3	1	0	191	128	633	254	11	147	21	44	2782	251	17	60	203	748	24	40	89	67	6	131	54	17
I614T	0	1	13	1	2	5	2	0	21	6	0	1	28	19	0	0	0	0	4	1	1	3	78	59	81	56	6	32	1	27	562	25	0	9	83	446	6	7	11	9	14	143	38	8
G148D	0	1	0	0	0	0	0	0	0	0	0	0	0	0	0	0	0	1	0	0	1	0	0	0	1	0	0	0	1	0	0	0	0	2	0	45	0	2	0	0	0	0	0	0
S100N	0	0	0	0	0	0	0	4	1	0	1	0	0	36	0	0	0	0	0	0	0	0	5	149	128	1	25	1	0	267	385	17	6	3	7	91	8	9	39	24	0	84	0	7
L158M+L178S+N198D	0	0	1	0	0	0	0	0	0	0	0	0	0	1	0	0	0	0	0	0	0	0	185	968	79	110	354	415	12	315	6	7	9	2333	1123	543	46	52	152	86	147	73	7	1
T162A+T173N+I182V+N202D	2022	1851	1349	1322	557	1070	635	749	692	218	47	81	472	918	245	238	984	576	672	821	2118	65	288	2171	163	159	394	470	455	608	180	26	18	2715	1354	1486	72	86	205	94	188	81	486	0
Q1122H	0	0	0	0	0	0	0	1	0	0	0	0	0	0	0	1	0	0	0	0	0	0	0	0	0	0	0	0	0	0	0	0	0	0	2	36	0	0	0	0	0	0	0	0
Y203C+D209E	14	163	0	10	0	0	24	2	90	0	1	0	17	4	0	0	1	0	0	0	97	0	52	265	1	28	0	3	42	9	227	0	3	1	38	35	2	3	58	35	5	1	204	0
L164I	0	0	3	1	0	0	0	0	0	0	0	0	0	1	0	0	1	0	0	0	0	0	0	0	0	0	0	0	0	0	3	0	0	1	0	18	0	0	0	0	2	0	0	0
K683A+Q698E+V707I	0	0	0	0	0	0	0	0	0	0	0	1	0	0	1	0	0	0	0	0	0	0	0	1	0	1	0	0	0	1	0	0	0	1	0	46	0	0	0	0	0	0	0	0
L205I+F210H+K224Q	5	1	1	2	0	6	1	0	0	0	14	2	0	0	0	0	1	6	0	0	8	0	54	2002	108	64	327	349	1	700	600	33	27	2113	999	217	33	31	138	101	108	140	2	16
T516A	0	0	0	0	0	0	0	1	0	0	0	2	0	1	0	0	0	0	0	0	0	0	1	0	0	2	1	0	0	1	0	0	0	0	0	64	0	0	0	0	0	0	0	0
D954E	0	1	0	0	0	0	0	0	1	0	0	0	0	4	0	0	0	0	0	0	0	0	0	0	0	0	0	0	0	0	0	0	0	2	0	41	0	0	0	1	0	0	0	0
I219V	0	0	0	0	0	0	0	2	0	0	0	0	0	26	0	1	0	0	0	0	0	0	0	0	0	0	0	0	0	1	0	0	0	0	0	34	0	1	0	0	0	0	0	0
E345D+Q355K	2	0	0	4	0	0	0	0	0	0	0	0	0	1	0	0	0	0	0	0	0	0	28	34	37	21	4	14	0	12	58	4	1	5	40	79	5	7	8	3	10	74	21	2
K253R+E256D+Q267A+C271V	4	0	0	0	0	1	0	0	0	0	3	0	0	0	0	1	0	6	0	13	4	0	1	1	0	0	0	0	1	5	0	1	0	7	0	99	2	3	0	1	2	0	0	0
L14F+A21T+A39V	0	0	0	0	0	0	0	3	0	0	0	2	0	0	0	0	0	0	0	0	0	0	0	2	0	0	1	0	0	3	0	0	0	1	1	64	1	2	1	0	0	0	1	0
G12A	0	0	1	0	0	0	0	0	0	0	0	0	0	0	0	0	0	0	0	0	2	0	0	0	0	0	0	0	0	0	0	0	0	0	0	0	0	0	0	0	0	0	0	0
P480Q	0	0	0	0	0	0	0	2	0	0	0	5	0	0	0	0	0	0	0	0	0	0	0	0	0	0	0	0	0	0	0	0	0	1	0	40	0	1	0	0	0	0	0	0
Q616K+H633Y+V638S	3	4	3	15	0	27	2	4	112	3	0	0	1	123	4	7	5	8	2	9	0	1	243	112	261	279	327	392	2	259	1257	182	9	14	1032	1535	78	92	147	103	134	143	25	4
A443S	0	0	0	0	1	0	5	0	0	0	0	0	0	0	0	2	1	1	1	0	0	0	0	0	0	5	0	0	0	0	0	0	0	0	0	3	0	0	1	1	0	0	0	0
S100N+R118H	5	29	90	2	37	0	2	34	436	19	4	0	8	103	6	4	38	17	0	113	1	1	31	186	178	9	25	37	0	282	534	29	12	6	48	239	12	19	48	37	3	226	40	11
L8M+V10A+G12A+Q15G	153	63	132	102	66	34	44	5	8	22	0	4	7	98	73	59	22	8	7	9	93	16	1121	1144	824	692	411	374	379	232	134	179	9	533	417	1030	509	489	126	77	81	131	609	167
L249K	420	2	0	219	0	0	1	0	1	0	0	0	1	0	0	0	935	529	117	0	3	0	1131	3297	651	708	490	847	446	636	333	100	36	595	1057	1156	149	160	521	317	389	445	2003	17
K428R	0	0	0	0	0	0	0	1	0	0	0	2	0	0	0	1	0	0	0	0	0	0	2437	4164	1540	1513	1056	1727	736	1337	689	372	84	2692	1801	2787	371	370	1105	658	972	1028	2412	62
V278L	0	0	0	0	0	0	0	1	0	0	0	2	0	0	1	0	0	0	0	0	0	0	0	0	0	0	1	0	0	1	0	0	0	0	0	26	1	0	0	0	0	0	0	0
Q123R+L137I	0	0	0	0	0	0	0	1	0	0	0	1	0	0	0	0	0	0	0	0	0	0	0	1	0	0	1	1	0	0	0	0	0	0	2	26	0	0	0	0	0	0	0	0
R600Q+E606Q+Q616K	1	0	0	1	0	1	0	0	0	1	0	0	0	5	0	1	0	0	0	2	0	0	103	39	420	258	5	45	9	33	2065	309	8	25	160	420	8	23	43	66	10	102	26	5
I235T	1	8	6	5	0	1	0	10	2	0	2	0	23	20	3	1	0	1	0	10	9	5	0	1	2	0	0	6	0	1	29	0	0	5	0	29	4	2	0	2	0	0	0	1
R600Q+Q616K	9	12	11	19	1	32	1	0	117	4	6	0	2	158	8	10	2	2	0	6	0	0	94	38	378	219	4	40	5	27	1860	272	6	23	148	370	8	22	40	54	9	95	23	5
V585L	0	0	0	0	0	0	2	0	0	0	0	1	0	1	0	1	0	0	0	0	0	0	1	1	2	8	2	0	0	0	0	0	0	1	0	3	1	0	0	0	1	1	0	0
G800A+E818D	0	0	0	0	0	0	0	1	0	0	0	0	0	14	1	1	0	0	0	0	0	0	0	0	0	0	0	0	0	2	0	0	0	0	2	26	0	0	0	0	0	0	0	0
A566E	0	0	0	1	0	0	0	0	0	0	0	0	0	0	0	0	178	120	0	0	0	0	104	68	3	90	126	153	184	202	62	0	7	7	446	7	9	8	51	32	42	41	187	0
N282D	1	1	0	0	0	2	0	1	0	0	0	0	0	0	0	2	9	6	0	6	0	0	18	106	88	20	5	101	47	54	12	36	13	58	25	164	51	55	17	13	18	0	0	7
W206C	640	247	429	464	163	149	139	28	18	97	0	36	28	496	268	270	39	39	23	61	295	101	50	34	180	52	5	15	4	6	591	58	4	6	51	120	7	4	12	11	2	27	11	2
N303D	0	0	0	0	0	0	0	4	0	0	0	0	0	1	0	2	0	0	0	0	0	0	0	0	0	0	0	0	0	0	0	0	0	0	1	33	0	0	0	0	0	0	0	0
L158M+F170C+L178S+N198D	1	1	0	0	0	0	0	2	0	0	0	0	0	0	0	1	184	89	0	0	2	0	388	2350	113	235	489	563	260	478	471	17	31	3224	1717	565	56	69	226	136	200	112	1339	1
A568V	11	55	16	33	0	90	3	1	235	6	13	0	5	332	12	14	16	7	2	21	0	3	85	48	278	96	5	54	7	18	1533	188	10	40	86	234	14	7	39	27	3	40	23	5
S120G+L125Q	0	1	0	0	0	0	0	1	0	0	0	0	0	0	0	0	0	0	0	0	0	0	139	909	0	86	0	0	3	0	886	0	2	0	128	9	0	1	31	28	0	0	62	0
D344N+K349E	1	5	0	0	3	0	4	6	1	0	1	31	4	0	0	1	0	1	0	0	6	0	422	676	307	292	267	438	24	341	67	26	12	35	247	714	91	87	243	144	208	168	289	11
Q61K+Q65E+E69A+Q86N	0	0	0	0	1	1	5	0	0	0	0	3	0	3	0	0	0	1	0	0	0	0	786	360	613	498	249	226	167	56	39	140	0	47	33	576	361	353	77	35	38	74	360	138
G482A	0	0	0	0	0	1	0	2	0	0	0	1	0	25	0	0	0	0	1	0	0	0	0	0	0	0	0	0	0	0	0	0	0	0	0	0	0	0	0	0	0	0	0	0
T162A+I182V	0	259	0	0	0	0	0	0	1	0	0	0	0	0	0	0	0	0	0	0	0	0	43	214	49	22	90	145	0	123	0	14	4	1025	415	353	13	20	50	23	55	2	0	0
I226V	4	166	170	2	50	4	0	461	648	24	20	0	10	61	18	8	49	44	0	165	1	6	0	0	1	0	0	0	0	2	1	0	1	0	0	30	0	0	0	1	0	0	0	0
S129A	0	0	0	0	0	0	0	0	0	0	0	0	0	27	0	1	0	0	0	0	0	0	0	0	0	0	0	0	0	1	0	0	0	0	0	11	1	1	0	2	0	0	0	0
L35M+A54T	3	2	1	1	2	0	2	0	21	1	0	0	0	5	0	0	0	0	0	0	0	4	9	1	1	12	2	4	2	4	33	2	0	5	0	30	1	0	2	1	4	2	0	0
E28K	15	1	0	9	0	1	0	2	0	0	0	59	0	0	0	0	21	20	18	0	0	0	8	146	89	10	11	148	39	69	22	38	12	1	31	94	70	71	11	8	0	24	0	23
K192Q+D197V+L205I+F210H	1	2	0	0	0	1	0	0	0	0	5	0	0	0	0	0	0	3	0	1	5	0	4	111	106	8	38	0	0	408	600	33	19	4	5	208	12	12	27	30	2	129	0	16
D327N	0	0	0	0	0	0	0	1	0	0	0	1	0	1	0	1	0	0	0	0	0	0	0	0	0	0	0	0	0	3	0	0	0	2	1	59	1	1	0	0	2	0	1	0
I502V	0	0	0	0	0	0	2	0	0	0	0	0	0	3	2	1	0	0	1	0	0	0	1	0	1	5	0	0	0	0	0	1	2	0	0	3	0	0	0	1	0	1	0	0
A201V+H218Y	4	6	6	19	1	23	2	1	151	2	0	12	6	116	4	7	7	8	0	11	0	1	43	25	138	88	0	17	9	80	600	77	4	4	99	91	3	6	7	16	4	21	14	3
T413S	0	0	0	0	0	0	0	2	0	0	0	0	0	37	0	0	0	0	0	0	0	0	0	0	0	0	0	0	0	1	0	0	0	0	0	0	0	0	0	0	0	0	0	0
A305V	0	6	6	0	1	1	0	14	1	1	6	0	37	19	2	0	1	4	0	1	19	4	2	1	3	6	2	6	1	9	90	0	1	0	8	270	5	0	2	2	1	13	33	4
R600Q+V631L+H633R+F635Y	15	29	19	13	2	49	11	8	101	12	1	2	4	190	8	8	11	4	2	9	6	3	284	133	345	291	333	405	5	274	1697	168	15	28	1100	1636	90	103	167	106	137	170	32	14
D633G	1	8	0	1	0	0	0	2	0	0	0	1	0	1	0	1	6	9	0	0	1	0	215	102	103	166	327	377	1	249	479	35	6	7	975	1363	74	76	135	75	130	105	13	2
Q616K+H633Y+K637A+V638S	0	2	1	8	0	8	0	5	30	0	0	0	2	44	1	7	3	5	0	2	0	2	243	112	261	281	327	393	2	260	1258	182	9	14	1032	1576	78	92	147	103	134	143	25	4
T227I	75	49	97	66	4	45	1	25	694	18	5	10	104	493	8	10	21	15	29	133	70	17	0	0	0	0	0	0	0	0	0	0	0	0	0	0	0	0	0	0	1	0	0	0
S185Q	0	0	0	0	0	0	0	0	0	0	0	0	0	1	0	0	0	3	0	0	0	0	1	0	0	2	0	0	0	0	0	0	0	0	0	7	0	1	0	0	0	0	0	0
P162S	0	0	0	0	0	0	0	0	0	0	0	3	0	0	0	0	0	0	0	0	0	1	21	213	8	10	12	43	0	36	0	0	4	277	118	37	0	3	14	8	10	0	0	0
L158M+L178S	1776	1386	1005	1230	438	876	158	514	372	247	36	63	337	725	203	212	723	474	571	756	1377	36	96	897	46	52	232	278	0	217	1	5	8	1667	851	59	22	20	109	53	96	28	0	0
E38K	46	15	22	24	1	8	0	4	534	9	0	5	41	429	1	0	6	10	14	22	16	6	47	46	73	31	2	51	2	20	117	23	1	1	50	107	4	7	13	8	22	159	34	8
V250A	0	0	0	0	0	0	0	0	0	0	0	1	0	21	0	1	0	0	0	0	0	0	0	0	0	0	1	1	0	0	0	0	0	0	1	32	0	0	0	1	0	0	0	0
I297T+K315N+I326V	0	1	0	1	0	0	0	0	0	1	9	7	0	0	0	0	9	15	0	7	5	0	56	2186	1	30	277	280	1	303	1	0	0	102	1062	144	16	28	136	58	160	9	3	0
H633Y	0	0	1	0	0	0	0	0	0	1	0	0	0	0	0	0	0	0	1	0	0	0	215	102	103	166	327	377	1	249	479	35	6	7	975	1363	74	76	135	75	130	105	13	2
S657A+K683A	0	0	0	0	0	0	0	1	0	0	0	1	0	0	0	1	0	0	0	0	0	0	576	530	386	343	180	340	128	205	189	91	10	26	277	615	82	85	284	135	147	224	541	7
I124V+A138L+V140I	0	0	0	0	0	0	0	0	0	0	0	2	0	0	1	1	0	0	0	0	0	0	0	0	3	0	0	3	0	4	62	0	0	4	1	92	2	1	1	3	0	1	1	0
N269S	1	4	4	11	0	0	0	0	19	6	0	0	1	2	0	0	0	0	2	3	1	2	2	0	1	4	0	7	4	3	1	0	0	0	0	0	0	0	0	0	0	0	0	0
H153C+G168D	0	78	0	0	0	1	0	2	0	0	0	0	6	0	21	30	4	4	0	1	0	0	18	72	116	24	12	198	76	106	24	46	8	48	13	197	48	49	17	19	21	0	1	8
T172A	5	0	1071	1	801	0	7	53	0	99	7	0	334	636	1	8	271	141	38	5	0	0	0	0	0	0	0	0	0	49	0	0	0	0	45	0	0	0	0	0	0	0	0	0
S355P	5	0	10	4	0	0	0	0	316	1	0	0	0	23	0	0	2	0	0	0	0	0	28	34	37	21	4	14	0	12	58	4	1	5	40	79	5	7	8	2	10	74	21	2
S365A	0	0	0	0	0	0	0	1	0	0	0	0	0	1	0	1	0	0	0	0	0	0	0	0	0	0	0	0	0	0	0	0	0	5	0	34	0	0	0	0	0	0	0	0
Y316N	0	0	0	0	0	0	1	1	0	0	0	0	0	0	0	0	0	0	0	0	0	0	1668	2809	972	1011	683	932	140	576	256	158	28	97	1124	1621	288	265	911	538	548	602	1203	45
W206C+L217W	56	19	41	54	19	21	14	3	2	5	0	3	2	57	17	34	8	7	2	6	29	13	407	192	498	328	147	126	107	39	609	157	4	35	72	444	170	180	48	34	20	68	170	63
G409S	0	0	0	0	0	0	0	0	0	0	0	0	0	2	0	0	0	0	0	0	1	0	0	0	0	0	0	0	0	0	0	0	0	0	0	0	0	0	0	0	0	0	0	0
E334K	0	0	0	0	0	0	0	2	0	0	0	2	0	0	2	1	0	0	0	0	0	0	0	0	0	0	0	0	0	1	0	0	0	0	0	34	0	0	0	1	0	0	0	0
L587I	0	1	0	0	0	0	0	0	0	0	0	2	0	24	0	1	0	0	0	0	0	0	0	0	0	0	0	0	0	0	0	0	0	0	0	2	1	0	0	0	0	0	0	0
R600Q+E606Q+V631L+H633R+F635Y	2	2	3	3	1	7	1	1	10	1	0	0	3	16	2	0	2	0	0	0	0	1	293	134	387	330	334	410	9	280	1902	205	17	30	1112	1686	90	104	170	118	138	177	35	14
W206C+R211D	0	0	1	0	0	0	1	1	0	0	0	0	0	0	0	0	0	0	0	0	0	0	55	37	183	55	6	17	5	6	591	58	4	6	52	143	14	5	12	11	2	27	12	2
V16M	29	72	28	12	59	36	26	31	10	9	14	65	21	25	49	44	53	59	10	55	6	10	0	0	0	0	0	0	0	3	0	0	0	1	1	20	0	0	0	0	0	0	1	0
T54H	7	0	0	2	1	2	0	1	0	0	13	0	0	0	0	0	0	11	0	0	9	0	0	0	0	0	0	0	0	4	0	0	0	3	0	25	1	0	1	0	0	0	0	0
L910M	0	0	0	0	0	0	0	0	0	0	0	0	0	14	0	1	0	0	0	0	0	0	0	0	0	0	0	2	0	0	0	0	0	0	0	34	0	2	0	2	0	0	0	0
I297T+K315T+I326V	0	0	0	0	0	0	0	0	0	0	0	0	0	0	0	0	0	1	0	0	1	0	56	2186	1	30	277	280	1	303	1	0	0	102	1062	144	16	28	136	58	160	9	3	0
Q433K	0	0	0	0	0	0	0	1	0	0	0	1	0	2	0	1	0	0	0	0	0	0	0	0	0	0	0	0	0	1	0	0	0	0	0	38	0	0	0	0	0	0	0	0
I360L+S365A	0	0	0	0	0	0	0	0	0	0	0	1	0	6	0	0	0	0	0	0	0	0	0	0	0	0	0	0	0	0	0	0	0	5	0	42	0	0	0	0	0	0	0	0
S1050N	0	0	0	0	0	0	0	0	0	0	0	1	0	1	0	0	0	0	1	0	0	0	0	2	0	0	0	1	0	0	0	0	0	0	1	36	0	0	0	0	0	0	0	0
A78T	0	0	0	0	0	0	0	1	3	0	0	0	0	0	0	0	1	0	0	0	6	0	93	651	0	65	0	17	221	35	1005	0	13	3	106	28	0	1	30	22	0	1	1034	0
F170C+L178S	0	0	0	0	0	0	0	0	0	0	0	0	0	0	0	0	116	85	0	0	0	0	223	1399	70	136	232	265	248	252	465	13	22	1688	947	48	20	26	125	69	103	43	1332	0
Y203C	95	726	0	53	0	7	176	27	912	0	12	0	90	14	0	1	12	6	0	2	1310	0	0	0	0	0	0	0	0	1	1	0	0	0	1	21	0	2	0	1	0	0	3	0
E330G+K337T	0	0	2	0	0	1	0	0	2	0	0	0	2	0	0	0	0	0	1	1	0	0	76	79	172	32	149	241	13	216	341	24	7	34	752	173	17	23	202	85	91	125	20	3
D1142E	0	0	0	1	0	0	0	0	0	0	0	0	0	1	0	0	0	0	0	1	0	1	0	0	0	0	0	0	0	0	0	0	0	0	0	0	0	0	0	0	0	0	0	0
Y64C	5	16	17	0	1	5	0	11	0	5	9	1	33	27	4	2	0	5	0	27	13	3	0	0	0	0	0	2	0	1	59	1	2	1	1	4	4	1	0	3	1	0	0	0
K418Q	0	0	0	0	0	0	0	2	0	0	0	2	0	1	0	0	0	0	2	0	0	0	0	1	0	0	0	0	0	0	0	0	0	0	1	34	0	0	0	0	0	0	0	0
L249M+E260A	560	491	363	322	174	297	42	167	97	59	9	8	76	187	64	72	318	200	125	180	423	11	1160	4175	652	723	636	1014	446	772	333	100	36	642	1482	1160	155	173	580	355	445	448	2005	17
S184T+A206T	0	0	0	0	0	0	0	0	0	0	0	1	0	33	0	0	0	0	0	0	0	0	158	122	613	166	8	48	13	27	2508	191	18	22	180	372	15	14	36	28	6	89	31	9
A54T	0	0	0	0	0	0	2	0	8	2	0	0	0	0	0	0	0	0	0	0	0	0	0	0	0	0	0	0	0	4	0	0	0	3	0	25	1	0	1	0	0	0	0	0
T213A+Q225E	0	0	1	0	0	0	0	2	0	0	0	2	0	0	0	0	0	0	0	0	0	0	10	5	2	4	2	4	1	1	0	0	0	1	0	42	8	1	2	0	0	0	3	1
K200Q+W206C+T209V+R211D+T213A+G215S+L217W	2	0	0	1	0	0	0	1	0	0	0	0	0	1	0	0	0	0	0	1	0	0	614	514	612	463	208	178	183	61	841	171	7	48	116	624	247	235	119	77	28	87	425	88
C19F+Q52L	0	0	1	1	0	1	0	0	0	0	0	0	0	2	0	0	0	0	0	0	0	0	23	1	3	9	2	3	0	1	53	2	0	1	3	21	2	1	1	4	5	5	1	5
L164V	4	0	0	7	0	2	1	0	0	2	0	0	1	2	0	0	0	0	1	0	0	0	0	0	0	0	0	0	0	0	3	0	0	1	0	18	0	0	0	0	2	0	0	0
L249M+E260A+A268S	649	670	373	473	223	302	390	326	195	77	25	1354	271	1558	128	147	363	224	214	276	911	12	1951	6079	1091	1202	1018	1624	522	1142	474	176	44	726	2306	1437	259	280	1052	662	735	735	2552	31
L158M+F170C+L178S	57	43	36	48	15	69	4	18	7	4	0	1	5	11	10	3	129	80	16	40	29	0	299	2279	80	177	367	426	248	380	466	15	30	2558	1445	81	32	37	183	103	149	67	1332	0
S118A	0	0	0	0	0	0	0	0	0	0	1	0	0	0	0	0	0	1	0	0	0	0	26	37	50	8	0	36	0	15	149	12	6	3	41	148	4	10	9	13	3	142	40	4
E330G	2	2	3	1	0	6	0	2	5	1	0	0	3	0	0	1	0	1	12	4	1	0	20	33	63	11	0	19	0	7	301	8	2	4	43	104	2	7	8	3	11	78	12	1
Q616E+F635Y+K637A+V638S	0	0	0	0	1	0	0	0	6	0	0	0	1	4	0	1	1	0	0	4	0	0	28	11	158	115	0	16	1	12	779	147	3	9	59	239	4	17	12	28	4	38	12	2
F130L+A147T	0	0	0	0	0	0	0	1	0	0	0	0	0	0	0	1	0	0	0	0	0	0	219	1955	89	138	377	332	442	427	201	17	27	2012	1134	1258	75	74	401	255	145	90	399	0
T162A+I182V+N202D	374	1174	245	269	77	204	38	94	90	100	9	25	66	185	50	53	146	81	127	168	334	9	284	2160	159	156	393	463	455	606	180	26	18	2710	1350	1486	71	85	204	93	186	78	484	0
H153C	0	38	0	0	0	0	0	0	0	0	0	0	3	0	9	26	0	0	0	0	0	0	14	0	72	13	4	91	32	54	10	22	5	30	4	112	13	10	14	10	11	0	0	4
Q138R	0	3	4	0	2	1	0	5	0	0	5	0	29	20	3	3	3	0	0	3	7	5	0	0	3	0	0	2	0	3	62	0	0	3	1	42	2	1	1	3	0	1	1	0
Q4S+A10G+M15L	0	0	0	0	0	0	0	0	0	0	0	0	0	5	0	0	0	2	0	0	1	0	2	0	0	1	0	0	0	2	0	0	0	1	0	27	0	0	0	0	0	0	0	0
D617G+V632K	0	0	0	0	0	0	0	2	0	0	0	0	0	0	0	0	0	0	1	0	0	0	0	0	0	0	0	0	0	2	0	0	0	4	0	35	0	0	0	0	0	0	0	0
Q616E+K637A+V638S	0	0	0	2	0	1	0	0	0	0	0	0	0	3	0	0	0	0	0	1	0	1	28	10	158	115	0	16	1	11	779	147	3	7	57	213	4	16	12	28	4	38	12	2
L134M+E139G	0	0	0	0	0	0	0	0	0	0	0	1	0	0	0	0	0	0	1	0	0	0	0	0	1094	1	781	0	0	93	0	123	6	0	350	719	3	5	254	128	61	0	0	0
L770V	0	0	0	0	0	0	0	1	0	0	0	2	0	38	0	0	0	0	0	0	0	0	0	0	0	0	0	0	0	1	0	0	0	0	1	4	0	0	0	0	0	0	0	0
D241S+A258E	0	0	0	0	0	0	1	0	0	0	0	1	0	0	0	0	0	0	0	0	0	0	0	0	0	5	0	0	0	0	0	0	0	0	0	2	1	0	0	2	0	0	0	0
V516I+E534D+Q554S	0	0	0	0	0	0	3	0	0	0	0	1	0	2	0	1	0	0	0	0	0	0	2	1	0	8	2	0	0	1	0	0	0	2	0	91	0	0	1	0	0	0	0	0
M337I	1395	2622	915	850	340	655	133	393	316	196	19	114	289	1564	187	170	644	333	431	536	1108	36	56	46	109	21	149	222	13	209	40	16	5	30	709	69	15	16	194	82	80	47	8	2
D224A	1903	1744	1310	1263	623	1074	655	810	569	330	69	87	459	2325	300	310	988	621	666	919	2043	46	50	1891	2	56	289	349	1	294	0	0	8	2111	994	67	23	19	111	72	108	11	2	0
A114E+T127A	0	0	0	0	0	0	0	1	0	0	0	5	0	17	0	0	0	0	0	0	0	0	0	0	0	0	2	0	0	5	0	0	0	3	1	71	2	1	0	0	0	0	0	0
Y295C	54	51	80	33	6	36	0	21	453	16	6	5	83	100	4	8	10	9	28	111	26	14	0	0	7	0	1	0	0	1	6	1	0	2	7	104	0	0	0	2	0	9	0	0
S377N	0	0	0	0	0	0	0	1	0	0	0	0	0	1	0	0	0	0	0	0	0	0	0	2	0	0	0	0	0	4	0	0	0	3	1	55	0	0	0	0	1	0	0	0
Y160W+V179L+L186W+T188I+G191N+R195K+E197S+R198Q	0	0	0	2	0	1	0	0	0	0	0	0	0	0	0	0	0	3	0	0	3	0	265	355	54	154	176	193	75	172	430	10	7	668	342	622	149	112	308	143	74	52	169	1
V290I+I297T+K315N	9	1	0	6	0	13	0	1	0	0	19	0	0	1	0	0	1	10	0	0	11	0	56	2186	1	30	277	278	1	305	1	0	0	101	1062	149	16	28	136	58	160	9	3	0
K2N	5	5	8	2	2	3	0	8	127	12	2	0	3	33	3	8	4	8	0	8	4	1	176	145	454	231	8	217	25	32	2890	175	14	74	207	883	37	33	60	74	16	161	33	14
A845G	0	0	0	0	0	0	0	1	0	0	0	4	0	2	0	0	0	0	0	0	0	0	1	0	0	4	0	0	0	0	0	0	0	0	0	2	0	0	0	1	0	0	0	0
V454I	0	0	15	3	0	0	0	2	0	3	0	32	0	28	0	0	38	22	0	20	1	0	0	1	0	0	0	0	2	2	1	0	0	0	1	31	8	1	1	1	0	0	0	0
M654I+S655N+K657L	13	155	15	12	5	20	5	12	25	1	0	155	4	5	3	0	12	11	6	13	21	0	603	602	402	367	221	381	194	226	211	93	13	27	448	680	100	96	309	151	166	229	597	8
K200Q+W206C	121	47	82	32	38	27	16	5	5	7	0	4	2	59	39	36	15	4	1	7	39	8	184	79	281	151	63	54	33	17	597	72	4	13	57	218	62	54	23	20	5	44	60	26
D149A+T173N	692	590	398	490	202	299	54	146	133	69	23	16	153	631	87	96	445	272	209	253	489	17	31	1169	4	22	151	167	0	165	0	0	0	1166	614	5	14	14	66	41	63	8	2	0
N223K	0	0	1	0	0	0	0	0	2	0	0	0	0	1	0	0	0	0	0	1	0	0	55	24	246	85	4	13	4	12	1126	133	2	5	81	128	1	4	12	25	2	33	5	3
D149A+T162A	16	4	9	11	3	3	0	0	0	4	2	0	1	0	0	0	3	2	2	5	1	0	48	1371	8	29	162	203	0	199	0	0	4	1438	728	42	13	16	79	48	71	5	0	0
Y558C	6	4	14	5	3	0	0	0	0	1	0	0	5	124	11	2	2	5	2	0	0	0	267	113	11	166	266	353	376	389	92	2	29	23	857	14	18	21	211	167	105	61	349	0
M654I+S656L	0	1	1	0	0	0	0	2	0	0	0	0	0	0	0	0	0	0	1	0	1	0	27	72	16	26	41	41	66	21	22	2	3	1	171	77	18	11	25	16	19	5	56	1
E1111D	0	0	0	0	1	0	3	0	0	0	0	0	0	3	0	1	1	0	0	1	0	0	0	0	0	1	0	0	0	0	0	0	0	1	0	4	0	2	0	1	0	0	0	0
C271V+V292A	2	0	0	0	0	0	0	0	0	0	3	0	0	0	0	0	0	4	0	0	1	0	0	1	0	0	0	0	0	0	0	0	0	0	0	27	0	0	0	2	0	0	0	0
L317V+V321F+R328Q+T340A+E345A+K347T	0	0	0	0	0	0	0	0	0	0	0	1	0	1	0	0	0	0	0	0	0	0	0	1	1	3	0	0	0	1	0	0	0	0	1	12	0	0	0	1	0	0	0	1
M359I	70	494	0	76	0	10	544	1	149	1	15	0	222	425	0	0	0	0	24	90	1275	0	0	1	0	0	0	0	0	0	1	0	0	0	0	22	0	0	0	0	0	0	0	0
E23G	0	0	0	0	0	0	0	3	0	0	0	1	0	2	0	1	0	0	0	0	0	0	134	581	0	66	0	8	163	18	584	0	15	0	78	12	0	0	199	112	25	1	857	0
R186H	1515	0	10	891	0	0	0	0	0	3	0	0	0	0	0	0	2	1	0	0	0	0	176	284	20	96	54	56	63	73	425	8	6	0	70	81	125	78	265	109	22	7	162	0
V375T+D386Q	6	1	0	5	0	3	0	0	0	0	25	0	0	0	0	0	0	25	0	0	20	0	0	1	0	0	0	1	0	3	0	0	0	4	0	66	1	0	0	1	0	0	0	0
V619I+D633G	3871	5956	2526	2225	994	1846	1170	1335	1113	524	93	2835	863	1359	400	443	1906	1131	1132	1290	3802	74	421	173	104	292	639	761	1	482	479	35	7	7	1970	2838	178	160	254	151	238	192	15	2
G327A+E350Q	0	0	0	0	0	0	0	3	0	0	0	0	0	0	0	0	0	0	1	0	0	0	0	0	0	0	0	0	0	3	0	0	0	2	1	62	2	1	0	0	2	0	1	0
I358L	4	1	5	0	0	2	0	1	0	1	0	0	0	1	2	1	0	0	1	0	3	0	1140	522	915	860	393	335	278	77	49	214	0	42	41	683	508	503	112	65	36	99	497	173
Q616K+H633Y+F635Y+K637A+V638S	1	1	0	5	0	5	0	0	5	1	0	0	1	13	0	0	0	0	1	1	0	1	243	113	261	281	327	393	2	261	1258	182	9	16	1034	1602	78	93	147	103	134	143	25	4
D348G	0	0	0	0	0	0	0	1	0	0	0	0	0	39	0	0	0	0	0	0	0	0	0	0	0	0	0	0	0	0	0	0	0	0	0	0	0	0	0	0	0	0	0	0
V511I	0	0	0	0	0	0	0	0	0	0	0	0	0	5	0	0	0	0	1	0	0	0	0	0	0	0	0	0	0	0	0	0	0	0	0	24	0	0	0	0	1	0	0	0
H343Q	1	0	5	2	0	0	0	0	0	1	0	0	0	2	0	0	0	1	0	0	0	0	3	1	4	5	2	3	0	1	24	3	1	1	4	7	0	0	0	0	9	3	0	7
Q616E+H633R+F635Y+K637A+V638S	0	1	2	0	4	4	0	0	49	0	0	0	0	18	0	1	1	2	0	9	1	0	243	113	261	281	327	393	2	261	1258	182	9	16	1034	1602	78	93	147	103	134	143	25	4
S359N+G368A+A384V	0	0	0	0	0	0	0	1	0	0	0	2	0	0	0	2	0	0	0	0	0	0	0	1	0	0	0	0	0	0	1	0	0	0	0	71	0	0	0	0	0	0	0	0
F85L	0	0	0	0	0	0	0	0	0	0	0	0	0	0	1	1	0	0	0	0	0	0	0	0	0	0	0	0	0	1	0	0	0	4	1	49	1	1	0	0	0	0	0	0
I7F+L42V	0	1	0	0	0	0	0	1	0	0	0	0	0	62	0	0	0	0	0	0	0	0	0	0	0	0	0	0	0	0	0	0	0	0	1	4	0	1	0	0	0	0	0	0
S457A	0	0	0	0	0	1	0	0	0	0	0	0	0	4	0	0	0	0	0	0	0	0	0	0	0	0	0	0	0	0	0	0	0	0	1	6	0	0	0	0	0	0	0	0
A295T	0	1	0	0	0	0	0	0	0	0	0	0	0	26	1	1	0	0	0	0	0	0	0	0	7	0	1	0	0	1	6	1	0	2	7	104	0	0	0	2	0	9	0	0
E260A	900	777	651	626	271	509	79	264	205	223	10	28	171	362	110	117	427	272	302	394	768	25	29	878	1	15	146	167	0	136	0	0	0	47	425	4	6	13	59	38	56	3	2	0
K3N	7	183	130	1	40	2	3	305	605	8	7	1	8	90	13	12	49	28	0	106	0	8	7	123	156	2	29	1	0	340	482	9	5	0	4	41	3	10	46	17	0	95	0	5
C19F	1	2	9	5	0	5	5	0	1	4	0	0	0	17	0	0	0	0	3	0	0	0	23	1	3	9	2	3	0	1	52	2	0	1	3	21	2	1	1	4	5	5	1	5
T270V	0	0	0	0	0	0	1	0	0	0	0	0	0	1	0	0	0	0	0	0	0	0	0	0	0	2	0	0	0	0	0	0	0	1	0	13	0	2	0	0	0	0	1	0
Q881V	0	0	0	0	0	1	2	0	0	0	0	2	0	0	0	0	0	1	0	0	0	0	1	0	0	6	0	0	0	0	0	0	0	0	0	5	0	0	0	1	1	0	0	0
L158M+F170C	0	0	0	0	0	2	0	0	0	0	0	0	0	0	0	0	1	0	0	0	0	0	279	2262	44	166	270	309	248	291	466	12	30	1761	1092	55	22	28	132	84	99	63	1332	0
Q698E+V707I	0	0	0	0	0	0	0	0	0	0	0	1	0	0	0	1	0	0	0	0	0	0	0	1	0	1	0	0	0	1	0	0	0	0	0	28	0	0	0	0	0	0	0	0
S26T+I33V	0	0	0	0	0	0	1	0	0	0	0	0	0	0	1	0	0	0	0	0	0	0	53	324	0	36	0	5	123	17	257	0	8	7	45	35	0	0	13	5	0	3	627	0
M46L	8	4	6	11	3	11	1	5	14	0	0	3	1	39	7	5	8	6	0	0	13	3	141	133	441	216	5	140	14	23	2562	168	12	74	138	746	21	24	63	46	12	123	33	8
T19I+G31A+A39G	0	0	0	0	0	2	0	0	0	0	0	0	0	0	0	0	0	2	0	0	0	0	23	2	3	9	3	3	0	4	52	2	0	1	4	61	3	4	1	4	5	5	2	5
P405A	0	0	0	0	0	0	0	0	0	0	0	4	0	2	0	1	2	3	0	0	0	0	1	0	0	2	0	0	0	0	0	0	0	0	0	3	0	0	0	1	0	0	0	0
S251G	0	0	0	0	0	0	0	0	0	0	0	1	0	1	0	1	0	0	0	0	0	0	0	0	0	0	0	0	0	1	0	0	0	0	0	38	0	0	0	0	0	0	0	0
D149A+T162A+T173N	297	316	170	153	142	118	551	255	259	54	32	31	200	454	40	41	242	119	64	91	638	5	52	1382	12	32	163	210	0	201	0	0	4	1443	732	42	14	17	80	49	73	8	2	0
A286S+S300T	0	0	0	0	0	0	0	1	0	0	0	0	0	9	0	0	0	0	0	0	0	0	0	0	0	0	0	0	0	1	0	0	0	1	0	21	0	0	0	0	0	0	0	0
H218Y	0	0	1217	1	840	1	0	65	0	105	8	0	355	457	4	4	252	138	31	2	0	0	17	12	49	27	0	4	8	70	214	16	1	2	54	38	1	4	1	6	1	6	6	1
L68I+K80R+I87L+A90V+A95L+S100N+N103E	0	0	0	2	1	2	0	0	0	0	1	0	0	0	0	0	0	5	0	0	2	0	5	149	128	1	27	1	0	270	385	17	6	6	7	204	8	9	39	24	0	84	0	7
R27K	0	2	0	0	0	0	0	0	0	0	1	0	0	0	0	0	0	0	0	0	1	0	12	118	0	8	0	2	41	9	83	0	5	0	23	2	0	0	2	3	0	1	187	0
N1000D+P1005D+F1020Y	0	0	0	0	0	0	0	0	0	0	0	0	0	2	0	1	0	0	0	0	0	0	0	0	0	2	0	0	0	0	0	0	0	0	1	3	0	0	0	0	0	0	0	0
V473I+D498N	0	0	0	0	0	0	0	0	0	0	3	0	0	0	0	0	0	4	0	0	2	0	148	160	80	109	262	301	331	383	61	21	21	25	1254	1218	65	62	277	194	129	61	310	0
S381A+V390I	0	0	1	4	0	1	0	1	2	0	0	2	4	10	3	8	3	2	0	0	0	0	0	0	0	0	0	0	0	3	0	0	0	2	0	38	0	0	0	0	0	0	0	0
D370N+S372P	2139	3942	1229	1478	495	848	216	544	433	392	41	224	432	869	274	270	979	564	679	916	1877	64	65	0	0	43	168	306	3	299	2	0	1	36	230	70	14	33	109	69	144	7	1	0
I631V	0	8	5	0	0	0	0	0	0	1	0	0	5	3	1	1	1	1	0	13	0	0	3	2	21	16	2	3	0	6	122	8	6	2	32	49	12	20	4	5	2	7	8	9
I297V	805	717	541	519	190	388	77	197	223	116	9	17	159	811	132	130	508	310	214	286	755	18	56	2186	0	30	277	278	0	298	1	0	0	91	1062	51	16	28	136	58	160	9	3	0
K1001R+T1010V+P1021T	0	0	0	0	0	0	0	0	0	0	0	0	0	3	1	0	0	0	0	0	0	0	0	0	0	0	0	0	0	0	0	0	0	1	0	1	0	0	0	1	0	0	0	0
I910V	0	0	1	0	0	0	0	0	0	0	0	0	0	3	0	0	0	0	0	0	0	0	0	0	0	0	0	2	0	0	0	0	0	0	0	34	0	2	0	2	0	0	0	0
H153R+G168D	0	0	0	0	0	0	0	0	0	0	0	0	0	1	0	0	2	5	0	16	0	0	18	72	116	24	12	198	76	106	24	46	8	48	13	197	48	49	17	19	21	0	1	8
V407I+G409K	7	2	4	39	7	55	8	2	0	1	11	5	45	22	4	6	3	31	0	67	9	11	0	0	0	1	0	0	0	0	0	0	0	0	0	8	0	0	0	1	0	1	0	0
S655N+K657L	4	8	5	6	0	5	1	3	12	0	0	1	1	3	0	1	4	0	1	2	8	0	576	530	386	343	180	340	128	205	189	91	10	26	277	609	82	85	284	135	147	224	541	7
R278K	0	0	0	0	0	0	0	0	0	0	0	5	0	20	0	1	0	0	0	0	0	0	0	0	0	0	1	0	0	1	0	0	0	0	0	26	1	0	0	0	0	0	0	0
F305C	4	1	4	8	0	4	0	1	1	6	0	0	0	8	0	0	0	0	8	1	0	0	2	1	3	6	2	6	1	9	90	0	1	0	8	270	5	0	2	2	1	13	33	4
G246S	20	4	21	47	0	55	12	10	325	13	2	15	10	251	13	15	13	35	2	20	3	6	44	16	151	115	0	19	5	15	601	129	0	2	68	110	2	5	6	23	4	32	9	2
N130S+L158M	2441	1977	1565	1680	552	1363	270	674	567	365	46	117	506	1107	280	345	1104	736	828	1036	2129	69	295	2835	99	179	512	493	442	555	202	19	35	2882	1632	1267	87	85	459	289	191	114	399	0
T127A+K139N	0	0	0	0	0	0	0	0	0	0	0	4	0	0	0	1	0	0	0	0	0	1	0	0	0	0	2	0	0	2	0	0	0	0	0	53	0	1	0	0	0	0	0	0
P99L	10	160	0	7	0	12	59	1	0	0	0	32	28	0	39	37	35	12	19	18	0	0	2	0	104	4	12	98	0	56	15	34	4	0	0	91	13	18	0	0	0	0	0	12
A331S	0	0	0	0	0	0	0	0	0	0	0	0	0	1	1	0	0	0	0	0	0	0	0	0	0	0	0	0	0	0	0	0	0	1	1	27	0	0	0	0	0	0	0	0
Q616K+F635Y+K637A+V638S	0	1	0	0	0	3	0	0	0	0	0	0	0	6	0	0	0	0	0	1	0	0	28	11	158	115	0	16	1	12	779	147	3	9	59	239	4	17	12	28	4	38	12	2
Q616K+V638S	0	6	0	1	0	3	0	0	0	0	2	0	0	9	0	0	0	1	0	2	0	0	28	10	158	113	0	15	1	10	778	147	3	7	57	172	4	16	12	28	4	38	12	2
M134R	10	1	11	1	1	0	3	1	0	1	0	0	0	3	4	2	0	1	0	6	0	0	0	0	1094	1	781	0	0	93	0	123	6	0	350	696	3	4	254	128	61	0	0	0
I297V+Y316N	1466	1378	901	924	462	662	1056	814	802	246	51	3650	585	1388	236	275	844	547	438	508	2219	35	1724	4995	972	1041	960	1210	140	874	257	158	28	188	2186	1672	304	293	1047	596	708	611	1206	45
N696H+K707N	0	0	0	0	0	0	0	1	0	0	0	6	0	0	0	0	0	0	1	0	1	0	1	4	0	1	0	0	0	1	0	0	0	1	1	42	0	1	0	1	0	0	0	0
T473A	1847	3484	1215	1507	523	1055	176	550	328	430	54	2360	412	831	238	279	809	554	664	868	1783	59	148	160	80	109	262	301	331	383	61	21	21	24	1254	1200	65	62	277	194	129	61	310	0
N1000D+F1020Y	0	0	0	0	0	0	1	0	0	0	0	0	0	1	0	0	0	0	0	0	0	0	0	0	0	2	0	0	0	0	0	0	0	0	1	2	0	0	0	0	0	0	0	0
I959V	0	0	0	0	0	0	0	2	0	0	0	2	0	0	1	1	0	0	0	0	0	0	1	0	0	1	1	0	0	0	0	0	0	0	1	36	0	1	0	1	1	0	1	0
T162A+T173N+N202D	0	0	0	0	0	0	0	2	0	0	1	0	0	0	0	0	0	0	1	0	0	0	266	2170	122	147	316	368	455	521	180	12	18	1967	1057	1170	59	69	169	79	143	79	486	0
T173N+I182V+N202D	0	321	0	1	0	0	0	0	0	0	0	0	0	0	0	0	0	1	0	0	0	0	267	1958	155	149	382	427	455	572	180	26	14	2438	1236	1449	72	83	191	86	178	81	486	0
I543T	36	107	57	26	14	116	7	10	984	19	6	21	32	349	17	16	20	23	1	60	11	2	58	34	173	62	0	29	0	12	654	114	3	6	60	138	8	6	18	17	6	26	15	1
T696S+T704I+E708D	0	0	0	0	0	0	0	0	0	0	0	0	0	0	0	0	1	2	0	0	0	0	1	5	0	6	1	0	0	0	0	0	0	1	1	39	2	2	0	1	1	0	0	0
E184K+Q206R	67	28	54	61	5	133	21	8	1057	6	0	73	33	567	14	19	46	38	6	36	1	5	158	122	613	166	8	48	13	27	2508	191	18	22	180	372	15	14	36	28	6	89	31	9
M337I+K349E	434	797	246	272	146	237	67	129	111	51	8	36	79	448	68	63	277	167	152	159	355	9	207	172	195	94	293	438	14	364	52	24	13	37	835	685	61	52	283	129	151	100	45	2
L68E+E69K+Q86N	0	0	0	0	0	0	0	0	0	0	0	0	0	2	0	0	0	0	0	0	0	1	783	359	612	497	247	226	166	55	25	139	0	48	33	559	361	353	77	35	37	74	360	138
A332V	0	0	0	0	0	0	0	1	0	0	0	0	0	0	1	0	0	0	0	0	0	0	0	1	0	0	0	0	0	5	0	0	0	3	0	58	3	1	0	1	0	0	0	0
V428I	41	7	4	18	1	30	3	24	1	1	5	11	2	1	0	1	307	240	4	0	6	0	2437	4164	1540	1513	1056	1727	736	1337	689	372	84	2692	1801	2787	371	370	1105	658	972	1028	2412	62
E256D+Q267A+C271V	0	0	0	1	0	0	0	0	0	0	0	0	0	0	0	0	0	0	0	1	0	0	0	1	0	0	0	0	0	5	0	1	0	6	0	76	2	1	0	1	2	0	0	0
N637S	0	0	0	0	0	0	0	4	0	0	0	3	0	1	0	0	0	0	0	0	1	0	0	0	0	2	0	1	0	1	1	0	0	0	0	41	0	0	0	0	0	0	0	0
I8T	491	414	393	294	136	266	75	175	151	81	17	14	125	219	71	66	249	207	142	248	545	15	1121	1144	824	692	411	374	379	232	134	179	9	533	417	1030	509	489	126	77	81	131	609	167
Q616K+H633R+F635Y+K637A+V638S	1	1	1	1	0	8	1	5	36	0	0	0	2	48	0	1	6	7	1	2	0	0	243	113	261	281	327	393	2	261	1258	182	9	16	1034	1602	78	93	147	103	134	143	25	4
Y558C+M578L	1388	6102	2270	943	971	2111	325	1019	744	622	102	4313	633	2629	485	486	1536	972	1249	1647	3002	80	1769	257	149	1125	571	616	739	821	268	33	52	39	1880	1279	94	100	577	374	270	116	761	0
L170F+H186Q+Y203C	9	54	0	4	0	0	0	1	90	0	0	0	11	0	0	0	34	13	0	0	4	0	379	1666	54	221	189	204	311	237	891	18	28	891	665	124	135	97	339	160	75	46	1497	0
S300T	0	0	0	0	0	0	0	1	0	0	0	0	0	11	0	0	0	0	0	0	0	0	0	0	0	0	0	0	0	1	0	0	0	1	0	0	0	0	0	0	0	0	0	0
R27K+N33S	19	0	0	16	0	0	0	0	0	0	0	0	0	0	0	0	76	49	6	0	0	0	65	442	0	44	0	7	164	25	340	0	13	0	68	22	0	0	15	8	0	4	814	0
K23Q+R27K+N33S	8	0	0	0	0	0	0	0	0	0	1	0	4	0	0	0	22	5	0	0	0	0	199	1023	0	110	0	15	327	43	924	0	28	0	146	34	0	0	214	120	25	5	1671	0
M654I+K657L	7	2	1	6	0	2	2	2	0	0	0	0	0	0	1	0	1	2	2	1	8	0	603	602	402	367	221	381	194	226	211	93	13	26	448	668	100	96	309	151	166	229	597	8
S82G+Q89T+A100P+M115T	0	0	0	0	0	1	0	0	0	0	0	0	0	26	0	1	0	1	0	0	2	0	5	151	128	1	25	1	0	269	385	17	6	3	7	119	8	10	39	26	0	84	0	7
T162A+T173N+I182V	14	389	3	5	9	0	103	58	48	0	0	5	37	4	1	1	3	5	0	1	112	0	47	225	53	25	91	152	0	125	0	14	4	1030	419	353	14	21	51	24	57	5	2	0
K192Q+D197E+L205I+F210H	0	0	0	0	0	1	1	0	0	0	2	0	0	0	0	0	0	1	0	0	0	0	4	111	106	8	38	0	0	408	600	33	19	4	5	208	12	12	27	30	2	129	0	16
K161R+L184P	0	0	0	0	0	0	0	0	0	0	0	1	0	0	2	0	0	0	1	0	0	0	108	88	433	114	3	33	9	21	1917	133	14	16	129	265	8	10	24	17	4	62	20	7
A187T	0	0	0	0	0	0	0	0	0	0	0	1	0	28	0	0	0	0	0	0	0	0	0	0	0	0	0	2	0	1	0	0	0	0	0	17	0	0	0	1	0	0	0	0
D602N	0	0	0	0	0	0	0	2	0	0	0	2	0	0	0	0	0	0	0	0	0	0	0	0	0	0	0	0	0	0	0	0	0	0	2	16	0	0	0	0	0	0	0	0
A267S	0	0	0	0	0	0	0	2	0	0	0	0	0	1	0	0	0	1	0	0	0	0	0	0	0	0	0	0	0	5	0	1	0	6	0	48	2	1	0	0	2	0	0	0
V10A	0	1	0	0	0	0	0	0	0	0	0	0	0	0	0	1	0	0	0	0	0	0	0	0	0	0	0	0	0	0	0	0	0	0	0	0	0	0	0	0	0	0	0	0
V290I+I297T+K315T	1	0	0	1	0	1	0	0	0	0	12	0	0	0	0	1	0	3	0	0	2	0	56	2186	1	30	277	278	1	305	1	0	0	101	1062	149	16	28	136	58	160	9	3	0
I118T	59	11	60	45	2	14	0	17	496	13	1	13	93	405	1	3	6	4	29	20	24	5	26	37	50	8	0	36	0	15	149	12	6	3	41	148	4	10	9	13	3	142	40	4
W206C+T213A+G215S+L217W	21	16	22	28	9	7	7	1	0	3	0	3	2	32	26	26	3	0	0	6	5	4	423	201	507	333	149	134	111	42	609	157	4	40	72	489	183	183	50	34	20	69	174	64
T75I	0	0	0	0	0	0	0	15	0	0	3	0	1	2	0	0	1	1	0	1	0	0	521	539	681	326	226	141	116	702	1078	137	17	20	28	500	266	272	151	63	18	292	258	103
A4S	0	1	0	2	0	0	0	0	0	0	0	1	0	3	0	0	1	1	0	0	0	0	2	0	0	1	0	0	0	2	0	0	0	1	0	27	0	0	0	0	0	0	0	0
D677E+N696H	0	0	0	0	0	0	0	1	0	0	0	1	0	1	0	0	0	0	0	0	0	0	1	5	0	1	1	0	0	0	0	0	0	1	1	55	0	1	0	1	0	0	0	0
D625E	0	0	0	0	0	0	0	1	0	0	0	2	0	1	0	1	0	0	0	0	0	0	0	3	0	0	0	0	0	0	0	0	0	0	0	39	0	0	0	0	0	0	0	0
Q210H+L240S	0	1	1	0	0	0	0	10	3	0	0	0	0	25	0	0	0	0	0	1	0	0	6	136	131	8	45	0	0	469	733	35	23	1	6	144	11	14	36	29	0	159	0	16
T104A	0	0	0	0	0	0	0	1	0	0	0	2	0	0	0	1	0	0	0	0	0	0	0	0	1	0	0	0	0	0	0	0	0	4	0	17	1	0	0	0	0	0	0	0
